"id","category","title","content","keywords"
"1","监督学习","什么是监督学习","监督学习是指利用带有标签的训练数据来学习一个从输入特征到输出标签的映射函数。训练集中每个样本都有已知的正确答案（标签），模型通过最小化预测值与真实标签之间的误差来学习。监督学习主要分为分类（输出离散类别）和回归（输出连续数值）两大任务。","监督学习,标签,分类,回归,映射函数"
"2","监督学习","分类与回归的区别","分类与回归都属于监督学习。分类的输出是离散的类别标签，例如判断邮件是否为垃圾邮件、图片属于哪一类；回归的输出是连续的数值，例如预测房价、气温。二者的本质区别在于目标变量的类型：分类是离散值，回归是连续值。评价指标也不同，分类常用准确率、F1，回归常用均方误差、R²。","分类,回归,离散,连续,目标变量"
"3","监督学习","线性回归原理","线性回归假设目标变量与特征之间存在线性关系，模型形式为 y = w·x + b。通过最小化损失函数（通常是均方误差 MSE）来求解权重 w 和偏置 b，常用最小二乘法或梯度下降法求解。线性回归简单、可解释性强，是最基础的回归算法。","线性回归,最小二乘法,均方误差,权重,偏置"
"4","监督学习","逻辑回归原理","逻辑回归虽然名字带回归，但实际是一种分类算法。它在线性回归的基础上套用 Sigmoid 函数，将输出映射到 0 到 1 之间表示概率，再根据阈值（通常 0.5）划分类别。损失函数采用对数损失（交叉熵），通过梯度下降优化。逻辑回归常用于二分类问题。","逻辑回归,Sigmoid,二分类,交叉熵,概率"
"5","监督学习","Sigmoid函数的作用","Sigmoid 函数表达式为 σ(z)=1/(1+e^(-z))，能把任意实数压缩到 (0,1) 区间，输出可解释为概率。它是逻辑回归的核心，也是早期神经网络常用的激活函数。缺点是在输入很大或很小时梯度接近 0，容易导致梯度消失。","Sigmoid,激活函数,概率,梯度消失,逻辑回归"
"6","监督学习","决策树原理","决策树是一种树形结构的分类与回归模型。它通过递归地选择最优特征对数据进行划分，每个内部节点表示一个特征判断，叶子节点表示最终的预测结果。常用的划分准则有信息增益（ID3）、信息增益率（C4.5）和基尼系数（CART）。决策树可解释性强但容易过拟合。","决策树,信息增益,基尼系数,CART,可解释性"
"7","监督学习","信息增益与基尼系数","信息增益基于信息熵，衡量某特征划分后数据不确定性减少的程度，ID3 算法据此选择特征；信息增益越大，特征越好。基尼系数衡量数据集的不纯度，基尼值越小越纯，CART 决策树使用基尼系数选择划分特征。二者都是衡量节点划分质量的指标。","信息增益,信息熵,基尼系数,不纯度,特征选择"
"8","监督学习","随机森林原理","随机森林是一种集成学习算法，由多棵决策树组成。它通过 Bagging（自助采样）从训练集有放回抽样生成多个子集训练不同的树，同时在每个节点随机选择部分特征进行划分。最终分类结果由所有树投票决定，回归则取平均。随机森林能有效降低过拟合、提高泛化能力。","随机森林,集成学习,Bagging,投票,过拟合"
"9","监督学习","支持向量机SVM原理","支持向量机（SVM）通过寻找一个最优超平面将不同类别的样本分开，使得两类样本到超平面的间隔（margin）最大化。距离超平面最近的样本称为支持向量。对于线性不可分的数据，SVM 通过核函数将数据映射到高维空间使其线性可分。SVM 在小样本、高维数据上表现优异。","SVM,超平面,间隔最大化,支持向量,核函数"
"10","监督学习","核函数的作用","核函数用于解决线性不可分问题。它可以在不显式计算高维映射的情况下，直接计算样本在高维空间的内积，把原本线性不可分的数据变得可分，这就是核技巧（Kernel Trick）。常用核函数有线性核、多项式核、高斯核（RBF）。RBF 核应用最广。","核函数,核技巧,RBF,高维映射,线性不可分"
"11","监督学习","KNN算法原理","K近邻（KNN）是一种基于实例的惰性学习算法。它没有显式的训练过程，预测时计算待测样本与所有训练样本的距离，选取最近的 K 个邻居，由这 K 个邻居的多数类别（分类）或平均值（回归）决定预测结果。K 值和距离度量（如欧氏距离）是关键超参数。","KNN,K近邻,惰性学习,欧氏距离,多数投票"
"12","监督学习","朴素贝叶斯原理","朴素贝叶斯是基于贝叶斯定理的分类算法，核心假设是各特征之间相互独立（即朴素假设）。它通过计算样本属于各类别的后验概率，取概率最大的类别作为预测结果。常见变体有高斯朴素贝叶斯、多项式朴素贝叶斯（适合文本）、伯努利朴素贝叶斯。优点是简单高效，适合高维文本分类。","朴素贝叶斯,贝叶斯定理,条件独立,后验概率,文本分类"
"13","监督学习","贝叶斯定理","贝叶斯定理描述了条件概率之间的关系：P(A|B) = P(B|A)·P(A) / P(B)。其中 P(A) 是先验概率，P(A|B) 是后验概率，P(B|A) 是似然。在分类中，它用于根据观测特征反推样本属于某类别的概率，是朴素贝叶斯算法的理论基础。","贝叶斯定理,先验概率,后验概率,似然,条件概率"
"14","监督学习","集成学习Bagging与Boosting","集成学习通过组合多个弱学习器得到更强的模型。Bagging（如随机森林）并行训练多个模型并投票/平均，主要降低方差；Boosting（如 AdaBoost、GBDT、XGBoost）串行训练，后一个模型重点关注前一个模型分错的样本，主要降低偏差。二者都能提升模型性能。","集成学习,Bagging,Boosting,弱学习器,方差偏差"
"15","监督学习","梯度提升树GBDT","GBDT（梯度提升决策树）是一种 Boosting 集成算法，它串行训练一系列决策树，每棵新树拟合前面所有树预测结果的残差（负梯度），逐步减小整体误差。GBDT 预测精度高，是 XGBoost、LightGBM 等高效实现的基础，广泛用于竞赛和工业界。","GBDT,梯度提升,Boosting,残差,XGBoost"
"16","监督学习","AdaBoost算法","AdaBoost（自适应提升）是经典的 Boosting 算法。它通过迭代训练弱分类器，每轮根据上一轮的分类错误调整样本权重，让分错的样本在下一轮获得更高关注，最后将所有弱分类器加权组合成强分类器。错误率低的弱分类器获得更高权重。","AdaBoost,自适应提升,样本权重,弱分类器,加权组合"
"17","监督学习","多分类问题处理策略","对于本身只支持二分类的算法（如 SVM、逻辑回归），处理多分类常用两种策略：一对多（One-vs-Rest，每个类别训练一个区分该类与其余类的分类器）和一对一（One-vs-One，每两个类别训练一个分类器再投票）。决策树、随机森林、朴素贝叶斯则天然支持多分类。","多分类,一对多,一对一,OvR,OvO"
"18","无监督学习","什么是无监督学习","无监督学习是指在没有标签的数据上进行学习，目标是发现数据内部的结构和规律。它不需要人工标注，常见任务包括聚类（将相似样本分组）、降维（压缩特征维度）和关联规则挖掘。与监督学习最大的区别是训练数据没有标签。","无监督学习,无标签,聚类,降维,数据结构"
"19","无监督学习","K-means聚类原理","K-means 是最经典的聚类算法。它需要预先指定簇数 K，随机初始化 K 个质心，然后迭代执行两步：①把每个样本分配到最近的质心所在簇；②重新计算每个簇的质心（均值）。重复直到质心不再变化或达到最大迭代次数。K-means 简单高效但对初始值和异常值敏感。","K-means,聚类,质心,簇,迭代"
"20","无监督学习","K-means如何选择K值","选择 K-means 的簇数 K 常用两种方法：肘部法则（Elbow Method）绘制不同 K 对应的簇内误差平方和 SSE，曲线拐点处即合适的 K；轮廓系数（Silhouette）衡量样本与本簇的紧密度和与其他簇的分离度，取值 -1 到 1，越大越好，选轮廓系数最高的 K。","K值选择,肘部法则,轮廓系数,SSE,簇数"
"21","无监督学习","层次聚类原理","层次聚类通过构建树状的层次结构对数据聚类，分为凝聚式（自底向上，每个样本先各成一簇，逐步合并最近的簇）和分裂式（自顶向下，逐步拆分）。簇间距离度量有最短距离、最长距离、平均距离、Ward 法等。结果可用树状图（dendrogram）展示，不需预先指定簇数。","层次聚类,凝聚式,树状图,簇间距离,Ward"
"22","无监督学习","DBSCAN原理","DBSCAN 是基于密度的聚类算法。它通过两个参数：邻域半径 eps 和最小点数 minPts，把高密度区域划分为簇。能发现任意形状的簇，并自动识别噪声点（离群点），不需预先指定簇数。对密度不均匀的数据效果较差，参数选择较敏感。","DBSCAN,密度聚类,eps,噪声点,任意形状"
"23","无监督学习","三种聚类算法对比","K-means 需指定簇数、只能发现球形簇、对异常值敏感但速度快；层次聚类不需指定簇数、可生成树状图、计算复杂度高不适合大数据；DBSCAN 不需指定簇数、能发现任意形状簇并识别噪声、但对参数 eps 和密度变化敏感。应根据数据形状、规模和是否含噪声选择。","聚类对比,K-means,层次聚类,DBSCAN,算法选择"
"24","无监督学习","聚类效果评估指标","聚类没有真实标签时常用内部指标：轮廓系数（兼顾簇内紧密和簇间分离，越大越好）、簇内误差平方和 SSE（越小越好）、Calinski-Harabasz 指数。若有真实标签可用外部指标：调整兰德系数 ARI、归一化互信息 NMI。轮廓系数是最常用的内部评估指标。","聚类评估,轮廓系数,SSE,ARI,NMI"
"25","无监督学习","异常检测方法","异常检测用于发现偏离正常模式的数据点。常见方法包括：基于统计的方法（如 3σ 原则、箱线图）、基于密度的 DBSCAN（噪声点即异常）、基于距离的 KNN、孤立森林（Isolation Forest）、One-Class SVM。在金融风控、欺诈检测中应用广泛。","异常检测,孤立森林,离群点,DBSCAN,风控"
"26","无监督学习","关联规则与Apriori","关联规则挖掘用于发现数据项之间的关联关系，典型应用是购物篮分析（啤酒与尿布）。Apriori 算法通过支持度（项集出现频率）、置信度（关联强度）、提升度筛选频繁项集和强关联规则。支持度衡量频繁程度，置信度衡量规则可靠性。","关联规则,Apriori,支持度,置信度,购物篮分析"
"27","模型评估","准确率Accuracy","准确率是分类正确的样本数占总样本数的比例，公式为 (TP+TN)/(TP+TN+FP+FN)。它是最直观的评价指标，但在类别不平衡时会失真——例如 99% 负样本时，全预测为负也有 99% 准确率，却毫无意义。此时应结合精确率、召回率等指标。","准确率,Accuracy,类别不平衡,评价指标,TP"
"28","模型评估","精确率Precision","精确率（查准率）表示模型预测为正的样本中真正为正的比例，公式为 TP/(TP+FP)。它关注预测为正的可靠性，适用于希望减少误报的场景，例如垃圾邮件识别——不希望把正常邮件误判为垃圾邮件。精确率越高，误报越少。","精确率,Precision,查准率,误报,TP"
"29","模型评估","召回率Recall","召回率（查全率）表示所有真正为正的样本中被正确预测出来的比例，公式为 TP/(TP+FN)。它关注是否漏掉正样本，适用于希望减少漏报的场景，例如疾病诊断、欺诈检测——宁可错杀不可放过。召回率越高，漏报越少。","召回率,Recall,查全率,漏报,FN"
"30","模型评估","精确率与召回率的权衡","精确率和召回率通常此消彼长，存在权衡（trade-off）。提高分类阈值会使精确率上升、召回率下降；降低阈值则相反。具体取舍取决于业务需求：欺诈检测、疾病筛查更看重召回率，而推荐、垃圾邮件过滤更看重精确率。F1 值是二者的综合平衡。","精确率召回率权衡,阈值,trade-off,业务需求,F1"
"31","模型评估","F1值","F1 值是精确率和召回率的调和平均数，公式为 F1 = 2·P·R/(P+R)。它综合考虑了精确率和召回率，只有二者都较高时 F1 才高，适用于类别不平衡的场景。F1 越接近 1 模型越好。还有加权的 Fβ 值可调整二者的相对重要性。","F1值,调和平均,精确率,召回率,不平衡"
"32","模型评估","混淆矩阵","混淆矩阵是评估分类模型的表格，行表示真实类别、列表示预测类别。二分类含四个元素：真正例 TP、真负例 TN、假正例 FP（误报）、假负例 FN（漏报）。准确率、精确率、召回率等指标都由混淆矩阵计算得出，能直观展示模型在各类别上的表现。","混淆矩阵,TP,TN,FP,FN"
"33","模型评估","ROC曲线","ROC 曲线以假正率 FPR 为横轴、真正率 TPR（即召回率）为纵轴，描绘不同分类阈值下模型的表现。曲线越靠近左上角模型越好。它不受类别不平衡影响，常用于比较不同模型的整体分类能力。对角线代表随机猜测。","ROC曲线,FPR,TPR,阈值,分类能力"
"34","模型评估","AUC值","AUC 是 ROC 曲线下的面积，取值 0 到 1，是衡量分类器整体性能的单一数值指标。AUC=0.5 表示随机猜测，AUC=1 表示完美分类，一般 0.7 以上为可接受，0.85 以上为良好。AUC 越大模型区分正负样本的能力越强，且对类别不平衡不敏感。","AUC,ROC,曲线下面积,分类性能,不平衡"
"35","模型评估","过拟合","过拟合是指模型在训练集上表现很好，但在测试集（新数据）上表现差，即泛化能力不足。原因是模型过于复杂、记住了训练数据的噪声。解决方法包括：增加训练数据、降低模型复杂度、正则化、Dropout、early stopping、交叉验证、集成学习等。","过拟合,泛化能力,模型复杂度,正则化,Dropout"
"36","模型评估","欠拟合","欠拟合是指模型在训练集和测试集上表现都差，即没能学到数据中的规律。原因是模型太简单或特征不足。解决方法包括：增加模型复杂度、增加特征、减少正则化强度、训练更长时间。欠拟合表现为高偏差，过拟合表现为高方差。","欠拟合,高偏差,模型简单,特征不足,训练不足"
"37","模型评估","偏差与方差","偏差（Bias）反映模型预测值与真实值的系统性偏离，偏差大说明模型欠拟合；方差（Variance）反映模型对训练数据扰动的敏感程度，方差大说明模型过拟合。理想模型需在偏差和方差之间权衡，即偏差-方差权衡（bias-variance tradeoff），使总误差最小。","偏差,方差,bias,variance,权衡"
"38","模型评估","交叉验证","交叉验证用于更可靠地评估模型泛化性能并充分利用数据。最常用的 K 折交叉验证把数据分成 K 份，轮流用 K-1 份训练、1 份验证，重复 K 次取平均结果。它能减少因数据划分带来的评估偏差，常与网格搜索结合用于调参。","交叉验证,K折,泛化性能,调参,验证集"
"39","模型评估","训练集验证集测试集","数据集通常划分为三部分：训练集用于训练模型参数；验证集用于调整超参数和模型选择；测试集用于最终评估模型的泛化能力，且只能使用一次。常见比例为 6:2:2 或 7:1.5:1.5。测试集绝不能参与训练或调参，否则评估结果会过于乐观。","训练集,验证集,测试集,数据划分,泛化"
"40","模型评估","网格搜索调参","网格搜索（GridSearchCV）是一种超参数调优方法，它穷举所有给定超参数组合，结合交叉验证评估每种组合的性能，选出最优组合。优点是全面、简单，缺点是组合多时计算量大。替代方法有随机搜索（RandomizedSearchCV）和贝叶斯优化。","网格搜索,GridSearchCV,超参数,调参,交叉验证"
"41","模型评估","正则化L1与L2","正则化通过在损失函数中加入惩罚项来抑制过拟合。L1 正则化（Lasso）惩罚权重绝对值之和，能产生稀疏解、起到特征选择作用；L2 正则化（Ridge）惩罚权重平方和，使权重趋于较小但不为零，更平滑。Elastic Net 结合二者。正则化系数越大约束越强。","正则化,L1,L2,Lasso,Ridge"
"42","模型评估","类别不平衡处理","类别不平衡指各类别样本数量差异悬殊（如欺诈检测中正样本极少）。处理方法包括：过采样（如 SMOTE 合成少数类样本）、欠采样（减少多数类样本）、调整类别权重、使用对不平衡敏感的评价指标（F1、AUC、召回率）。准确率在此场景下不可靠。","类别不平衡,SMOTE,过采样,欠采样,类别权重"
"43","特征工程","什么是特征工程","特征工程是指利用领域知识从原始数据中提取、构造和选择对模型有用的特征的过程。它包括数据清洗、特征提取、特征变换、特征选择等。有句名言：数据和特征决定了机器学习的上限，模型和算法只是逼近这个上限。特征工程往往比调参更能提升效果。","特征工程,特征提取,特征选择,数据清洗,特征构造"
"44","特征工程","缺失值处理","缺失值处理方法包括：删除（删除含缺失的行或列，适合缺失比例小）、填充（用均值、中位数、众数填充数值/类别特征，或用模型预测填充）、标记（新增一列标记是否缺失）。中位数对异常值更鲁棒。处理策略应根据缺失比例和缺失机制决定。","缺失值,均值填充,中位数,删除,数据清洗"
"45","特征工程","异常值处理","异常值（离群点）是明显偏离其他数据的值。检测方法有 3σ 原则（超出均值±3 倍标准差）、箱线图（IQR 法，超出上下四分位 1.5 倍 IQR）、Z-score。处理方式包括删除、替换（用边界值截断/盖帽）、单独建模。需结合业务判断异常值是噪声还是有意义的信号。","异常值,离群点,3σ原则,箱线图,IQR"
"46","特征工程","数据标准化","标准化（Standardization / Z-score）将特征转换为均值为 0、标准差为 1 的分布，公式为 (x-μ)/σ。它不改变数据分布形状，对异常值相对鲁棒，适用于大多数算法，尤其是基于距离的 KNN、SVM 和需要梯度下降的模型。","标准化,Z-score,均值,标准差,归一化"
"47","特征工程","数据归一化","归一化（Min-Max Normalization）将特征线性缩放到固定区间（通常 [0,1]），公式为 (x-min)/(max-min)。它保留原始数据分布，但对异常值敏感。适用于数据范围明确、需要将特征压缩到特定区间的场景，如图像像素、神经网络输入。","归一化,Min-Max,缩放,区间,异常值敏感"
"48","特征工程","标准化与归一化的区别","归一化把数据缩放到固定区间（如 [0,1]），受最大最小值影响、对异常值敏感；标准化把数据转换为均值 0、方差 1 的分布，对异常值更鲁棒、不限定范围。基于距离或梯度的算法（KNN、SVM、神经网络）都需要量纲统一，树模型则不需要。","标准化,归一化,区别,量纲,异常值"
"49","特征工程","独热编码One-Hot","独热编码用于处理无序的类别特征。它把一个有 N 个取值的类别特征转换为 N 个二元（0/1）特征，每个样本只有对应类别为 1，其余为 0。优点是不引入类别间的虚假大小关系，缺点是类别多时维度爆炸。适合无序类别（如颜色、城市）。","独热编码,One-Hot,类别特征,无序,维度"
"50","特征工程","标签编码Label Encoding","标签编码把类别特征映射为整数（如 红=0、绿=1、蓝=2）。它不增加维度，但会引入数值大小关系，可能误导模型认为类别间有顺序。因此适合有序类别（如学历、评级）或树模型；对无序类别用于线性模型时应改用独热编码。","标签编码,Label Encoding,整数映射,有序类别,树模型"
"51","特征工程","特征选择方法","特征选择从原始特征中挑出最有用的子集，可降低维度、防止过拟合、提升效率。方法分三类：过滤法（按相关系数、卡方、互信息等统计指标筛选，与模型无关）、包裹法（如递归特征消除 RFE，用模型效果评估子集）、嵌入法（如 Lasso、树模型的特征重要性）。","特征选择,过滤法,包裹法,嵌入法,RFE"
"52","特征工程","降维与PCA","降维把高维数据映射到低维空间，缓解维度灾难、便于可视化。主成分分析（PCA）是最常用的线性降维方法，它通过正交变换找到数据方差最大的几个方向（主成分），用少数主成分表示数据，尽量保留原始信息。PCA 是无监督的，会损失部分信息和可解释性。","降维,PCA,主成分分析,方差,维度灾难"
"53","特征工程","维度灾难","维度灾难指随着特征维度增加，数据在空间中变得极其稀疏，样本间距离趋于相等，导致基于距离的算法失效、所需样本量指数增长、模型容易过拟合。解决办法是降维（PCA）、特征选择或获取更多数据。维度并非越多越好。","维度灾难,高维稀疏,距离失效,降维,过拟合"
"54","特征工程","文本特征提取TF-IDF","TF-IDF（词频-逆文档频率）是文本特征提取的经典方法。TF 衡量词在文档中的出现频率，IDF 衡量词的区分能力（在越少文档中出现越重要）。TF-IDF = TF × IDF，能突出文档中重要且有区分度的词，常用于文本分类、信息检索、关键词提取。","TF-IDF,词频,逆文档频率,文本特征,信息检索"
"55","特征工程","词袋模型","词袋模型（Bag of Words）是最简单的文本表示方法。它忽略词序和语法，只统计每个词在文档中出现的次数，把文本表示成一个词频向量。优点是简单直观，缺点是忽略语义和顺序、向量稀疏高维。它是 TF-IDF 和许多文本模型的基础。","词袋模型,Bag of Words,词频向量,文本表示,稀疏"
"56","特征工程","中文分词","中文不像英文有空格天然分隔，需要分词把句子切成词语，是中文文本处理的第一步。常用工具有 jieba、HanLP、THULAC。jieba 支持精确模式、全模式、搜索引擎模式，可自定义词典。分词质量直接影响后续文本分类、检索等任务的效果。","中文分词,jieba,词语切分,文本预处理,词典"
"57","神经网络","什么是人工神经网络","人工神经网络（ANN）是模拟生物神经系统的计算模型，由大量神经元（节点）分层连接而成，包括输入层、隐藏层和输出层。每个连接有权重，神经元通过加权求和并经激活函数输出。网络通过反向传播算法调整权重来学习。它是深度学习的基础。","神经网络,神经元,隐藏层,权重,深度学习"
"58","神经网络","感知机","感知机是最简单的神经网络，由 Rosenblatt 提出，可看作单层神经元。它对输入加权求和后经阶跃函数输出 0 或 1，只能解决线性可分问题（无法解决异或问题）。多层感知机（MLP）通过引入隐藏层解决了非线性问题，是现代神经网络的雏形。","感知机,单层,线性可分,异或问题,MLP"
"59","神经网络","激活函数的作用","激活函数为神经网络引入非线性，使其能拟合复杂的非线性关系。若没有激活函数，多层网络等价于单层线性模型。常见激活函数有 Sigmoid、Tanh、ReLU、Leaky ReLU、Softmax。激活函数的选择影响梯度传播和训练效果。","激活函数,非线性,ReLU,Sigmoid,Softmax"
"60","神经网络","ReLU激活函数","ReLU（修正线性单元）的表达式为 f(x)=max(0,x)，即负数置零、正数保留。它计算简单、收敛快，能有效缓解梯度消失问题，是目前最常用的激活函数。缺点是负区间梯度为 0 可能导致神经元死亡，改进版有 Leaky ReLU、PReLU、ELU。","ReLU,修正线性单元,梯度消失,神经元死亡,Leaky ReLU"
"61","神经网络","Softmax函数","Softmax 函数常用于多分类神经网络的输出层，它把一组实数转换为概率分布，使各输出非负且总和为 1，最大值对应预测类别。公式为 e^(zi)/Σe^(zj)。它是 Sigmoid 在多分类上的推广，通常与交叉熵损失配合使用。","Softmax,多分类,概率分布,输出层,交叉熵"
"62","神经网络","反向传播算法","反向传播（Backpropagation）是训练神经网络的核心算法。它先前向传播计算输出和损失，再利用链式法则从输出层向输入层逐层计算损失对各权重的梯度，然后用梯度下降更新权重。反向传播高效地解决了多层网络的参数求导问题。","反向传播,链式法则,梯度,前向传播,权重更新"
"63","神经网络","梯度下降法","梯度下降是优化模型参数的核心方法，通过沿损失函数梯度的反方向迭代更新参数来最小化损失。学习率控制每步更新的幅度。变体有：批量梯度下降（用全部样本）、随机梯度下降 SGD（用单个样本）、小批量梯度下降（用一小批样本，最常用）。","梯度下降,学习率,SGD,小批量,损失最小化"
"64","神经网络","学习率的作用","学习率（learning rate）是梯度下降中控制参数更新步长的超参数。学习率过大可能越过最优解甚至发散震荡；过小则收敛缓慢、易陷入局部最优。实践中常用学习率衰减、自适应优化器（Adam、RMSprop）来动态调整学习率。","学习率,步长,收敛,发散,Adam"
"65","神经网络","损失函数","损失函数衡量模型预测值与真实值的差距，是优化的目标。回归常用均方误差 MSE、平均绝对误差 MAE；分类常用交叉熵损失（二分类用二元交叉熵，多分类用类别交叉熵）。训练的目标就是通过梯度下降最小化损失函数。","损失函数,MSE,交叉熵,优化目标,代价函数"
"66","神经网络","梯度消失与梯度爆炸","深层网络训练时，梯度通过反向传播逐层相乘。梯度消失指梯度越传越小趋近 0，使前层几乎不更新（常因 Sigmoid 等饱和激活函数引起）；梯度爆炸指梯度越传越大导致参数剧烈震荡。解决方法有 ReLU 激活、批归一化、残差连接、梯度裁剪、合理初始化。","梯度消失,梯度爆炸,反向传播,批归一化,残差连接"
"67","神经网络","Dropout正则化","Dropout 是神经网络中防止过拟合的正则化技术。训练时按一定概率随机丢弃（置零）部分神经元，使网络不依赖特定神经元，相当于训练多个子网络的集成。测试时使用全部神经元。Dropout 能有效提升泛化能力，常用比例为 0.2~0.5。","Dropout,正则化,随机丢弃,过拟合,集成"
"68","神经网络","批归一化BatchNorm","批归一化（Batch Normalization）对每一层的输入按小批量进行标准化（均值 0、方差 1）再缩放平移。它能加速训练收敛、允许更大学习率、缓解梯度消失、并有轻微正则化效果，使深层网络训练更稳定。是现代深度网络的标准组件。","批归一化,BatchNorm,标准化,加速收敛,梯度消失"
"69","神经网络","卷积神经网络CNN","卷积神经网络（CNN）专门处理图像等网格数据。核心是卷积层（用卷积核提取局部特征，参数共享）、池化层（下采样降维、保留主要特征）和全连接层。CNN 具有局部连接、权值共享、平移不变性等特点，在图像分类、目标检测中表现卓越。","CNN,卷积,池化,权值共享,图像识别"
"70","神经网络","池化层的作用","池化（Pooling）是 CNN 中的下采样操作，对特征图的局部区域取最大值（最大池化）或平均值（平均池化），从而减小特征图尺寸、降低计算量和参数数量、扩大感受野，并提供一定的平移不变性，防止过拟合。最大池化最常用。","池化,下采样,最大池化,平均池化,感受野"
"71","神经网络","循环神经网络RNN","循环神经网络（RNN）专门处理序列数据（如文本、语音、时间序列）。它通过隐藏状态在时间步之间传递信息，使网络具有记忆能力。但普通 RNN 存在长期依赖（梯度消失）问题，改进的 LSTM 和 GRU 通过门控机制有效缓解了这一问题。","RNN,循环神经网络,序列,隐藏状态,LSTM"
"72","神经网络","LSTM长短期记忆网络","LSTM 是 RNN 的改进，通过引入细胞状态和三个门控（遗忘门、输入门、输出门）来选择性地记忆和遗忘信息，有效解决了普通 RNN 的长期依赖和梯度消失问题。它能捕捉序列中的长距离依赖，广泛用于机器翻译、语音识别、文本生成。","LSTM,长短期记忆,门控,细胞状态,长期依赖"
"73","神经网络","深度学习与机器学习的关系","深度学习是机器学习的一个分支，特指使用多层（深层）神经网络的方法。传统机器学习依赖人工特征工程，而深度学习能自动从原始数据中学习多层次特征表示。深度学习在图像、语音、自然语言等领域表现突出，但需要大量数据和算力。","深度学习,机器学习,特征学习,神经网络,表示学习"
"74","神经网络","epoch、batch、iteration","训练神经网络时：epoch 指全部训练样本完整训练一遍；batch（批）指一次梯度更新使用的样本子集；iteration（迭代）指完成一次 batch 的参数更新。例如 1000 个样本、batch_size=100，则一个 epoch 含 10 个 iteration。","epoch,batch,iteration,batch_size,训练轮次"
"75","数学基础","什么是机器学习","机器学习是人工智能的核心分支，指让计算机从数据中自动学习规律和模式，并用于预测或决策，而无需被显式编程。它主要分为监督学习、无监督学习、半监督学习和强化学习。机器学习的本质是从历史数据中归纳出模型，对新数据进行泛化。","机器学习,人工智能,数据驱动,泛化,模型"
"76","数学基础","机器学习的分类","机器学习按学习方式分为四类：监督学习（有标签，做分类回归）、无监督学习（无标签，做聚类降维）、半监督学习（少量标签+大量无标签）、强化学习（通过与环境交互、奖惩反馈学习策略）。课程主要涉及前三种，尤其是监督和无监督学习。","机器学习分类,监督学习,无监督学习,半监督,强化学习"
"77","数学基础","机器学习项目流程","完整的机器学习项目流程包括：①明确问题与目标；②数据收集；③数据预处理（清洗、缺失值异常值处理）；④特征工程；⑤模型选择与训练；⑥模型评估与调优；⑦模型部署与监控。这是一个迭代循环的过程，需要反复实验改进。","项目流程,数据预处理,特征工程,模型训练,部署"
"78","数学基础","强化学习","强化学习是机器学习的一类，智能体（agent）通过与环境交互，根据获得的奖励或惩罚来学习最优策略，目标是最大化长期累积奖励。核心概念有状态、动作、奖励、策略、价值函数。典型应用有 AlphaGo、游戏 AI、机器人控制、自动驾驶。","强化学习,智能体,奖励,策略,累积奖励"
"79","数学基础","向量与矩阵","向量是一组有序的数，可表示样本的特征；矩阵是二维数组，机器学习中常用矩阵表示整个数据集（行是样本、列是特征）。矩阵运算（加法、乘法、转置、求逆）是线性代数基础，神经网络的前向传播本质就是矩阵乘法和加法运算。","向量,矩阵,线性代数,矩阵乘法,数据表示"
"80","数学基础","导数与梯度","导数描述函数在某点的变化率（斜率）。梯度是多元函数对各变量偏导数组成的向量，指向函数值上升最快的方向。机器学习中沿梯度的反方向更新参数即可使损失下降，这是梯度下降法的数学基础。梯度为零的点是极值点的必要条件。","导数,梯度,偏导数,变化率,梯度下降"
"81","数学基础","概率与统计基础","概率论是机器学习的重要理论基础。常用概念有：概率分布（描述随机变量取值规律）、期望（均值）、方差（离散程度）、条件概率、独立性、最大似然估计。朴素贝叶斯、高斯混合模型等算法都直接建立在概率论之上。","概率,统计,期望,方差,最大似然"
"82","数学基础","信息熵","信息熵衡量随机变量的不确定性，熵越大不确定性越高、信息越混乱。公式为 H(X)=-Σp(x)log p(x)。当所有结果等概率时熵最大。信息熵是决策树（信息增益）、交叉熵损失函数等的理论基础，是信息论的核心概念。","信息熵,不确定性,信息论,信息增益,交叉熵"
"83","数学基础","欧氏距离与曼哈顿距离","距离度量衡量样本间相似性。欧氏距离是两点间直线距离（各维度差的平方和开根号），最常用；曼哈顿距离是各维度差绝对值之和（像城市街区行走）；还有余弦相似度（衡量方向夹角，常用于文本）。KNN、K-means 等算法都依赖距离度量。","欧氏距离,曼哈顿距离,余弦相似度,距离度量,相似性"
"84","数学基础","余弦相似度","余弦相似度通过计算两个向量夹角的余弦值来衡量它们方向上的相似程度，取值 -1 到 1，越接近 1 越相似。它只关注方向不关注长度，特别适合高维稀疏的文本向量比较，是信息检索、推荐系统和 RAG 文档检索的常用相似度指标。","余弦相似度,向量夹角,文本相似,信息检索,RAG"
"85","数学基础","最大似然估计","最大似然估计（MLE）是一种参数估计方法，它寻找使观测数据出现概率（似然函数）最大的参数值。直观理解就是：什么样的参数最可能产生我们观察到的数据。许多模型（逻辑回归、高斯分布拟合）的参数求解都基于最大似然估计。","最大似然估计,MLE,似然函数,参数估计,概率"
"86","数学基础","条件概率与独立性","条件概率 P(A|B) 表示在事件 B 发生条件下 A 发生的概率。若 P(A|B)=P(A)，则称 A 与 B 相互独立，即一个事件的发生不影响另一个。朴素贝叶斯的朴素假设正是假定所有特征在给定类别下条件独立，从而简化了概率计算。","条件概率,独立性,朴素假设,联合概率,贝叶斯"
"87","数学基础","什么是RAG检索增强生成","RAG（Retrieval-Augmented Generation，检索增强生成）是一种结合信息检索与大语言模型的技术。它先把文档切分、向量化存入知识库，提问时检索出最相关的内容片段，再连同问题一起交给大模型生成答案。RAG 能让模型基于外部知识回答，减少幻觉、支持知识更新。","RAG,检索增强生成,向量检索,大模型,幻觉"
"88","数学基础","词向量与Embedding","词向量（Word Embedding）把词语映射为低维稠密的实数向量，使语义相近的词在向量空间中距离也相近，解决了独热编码维度高、无语义的问题。经典方法有 Word2Vec、GloVe。现代大模型用更强的上下文 Embedding（如 BERT）表示文本，是 RAG 检索的基础。","词向量,Embedding,Word2Vec,语义,稠密向量"
"89","数学基础","数据集划分的意义","把数据划分为训练集和测试集是为了客观评估模型的泛化能力。若用训练数据评估，模型可能只是记住了答案而非学会规律，导致评估虚高。测试集模拟未见过的新数据，只有在测试集上表现好的模型才真正有用。常用 train_test_split 随机划分。","数据集划分,训练集,测试集,泛化,train_test_split"
"90","数学基础","模型的泛化能力","泛化能力指模型在未见过的新数据上的表现能力，是衡量模型好坏的根本标准。机器学习的目标不是在训练集上拟合得多好，而是在新数据上预测得多准。过拟合会损害泛化能力。提升泛化的方法有正则化、交叉验证、增加数据、集成学习等。","泛化能力,新数据,过拟合,正则化,模型评估"
"91","数学基础","样本、特征与标签","样本（实例）是数据集中的一行，代表一个观测对象；特征（属性）是描述样本的各个维度（列），是模型的输入；标签（目标）是要预测的结果，是监督学习的输出。例如预测房价：每套房是一个样本，面积、地段是特征，价格是标签。","样本,特征,标签,实例,数据集"
"92","数学基础","超参数与参数的区别","参数是模型从训练数据中自动学习得到的，如线性回归的权重、神经网络的连接权值；超参数是训练前人工设定、不通过训练学习的配置，如学习率、树的深度、K 值、正则化系数。超参数需要通过网格搜索、交叉验证等方法进行调优。","超参数,参数,学习率,调优,网格搜索"
"93","无监督学习","高斯混合模型GMM","高斯混合模型（GMM）是一种基于概率的软聚类方法，假设数据由若干个高斯分布混合生成，每个高斯分布对应一个簇。它用 EM 算法迭代求解各高斯分量的参数，输出样本属于各簇的概率（软分配），而非 K-means 的硬分配。GMM 能拟合椭圆形簇，比 K-means 更灵活。","GMM,高斯混合,软聚类,EM算法,概率"
"94","无监督学习","EM算法","EM（期望最大化）算法用于含隐变量的概率模型参数估计。它交替执行两步：E 步根据当前参数估计隐变量的期望（如样本属于各簇的概率）；M 步基于该期望重新估计模型参数使似然最大。反复迭代直至收敛。GMM、隐马尔可夫模型的训练都依赖 EM 算法。","EM算法,期望最大化,隐变量,迭代,似然"
"95","无监督学习","t-SNE降维可视化","t-SNE 是一种非线性降维方法，专门用于高维数据的可视化。它把高维空间中样本间的相似度转化为概率分布，在低维（通常 2 维）空间中尽量保持这种邻近关系，使相似样本聚在一起。t-SNE 可视化效果好，但计算量大、不适合作为通用降维或新样本映射。","t-SNE,非线性降维,可视化,高维数据,邻近关系"
"96","无监督学习","PCA与t-SNE的区别","PCA 是线性降维，速度快、可解释（保留方差最大方向）、能映射新样本，但难以捕捉非线性结构；t-SNE 是非线性降维，擅长保留局部结构、可视化效果好，但计算慢、结果随机、不能直接映射新数据。实践中常先用 PCA 粗降维，再用 t-SNE 可视化。","PCA,t-SNE,线性降维,非线性,可视化"
"97","无监督学习","聚类与分类的区别","分类是监督学习，训练数据有标签，目标是学习把样本划入预先定义好的类别；聚类是无监督学习，数据没有标签，目标是根据相似性自动把样本分组，组的含义事后再解释。一句话：分类是有老师指导的归类，聚类是无老师指导的自动分群。","聚类,分类,监督,无监督,标签"
"98","神经网络","前向传播","前向传播是神经网络的推理过程：输入数据从输入层逐层经过加权求和与激活函数计算，最终在输出层得到预测结果。每一层的输出作为下一层的输入。前向传播得到预测值后，再通过损失函数计算误差，进而由反向传播更新权重。","前向传播,推理,加权求和,激活函数,预测"
"99","神经网络","全连接层","全连接层（Dense / Fully Connected Layer）是神经网络中最基本的层，该层每个神经元都与上一层所有神经元相连，对输入做加权求和并加偏置，再经激活函数输出。它参数量大，常用于网络末端做分类决策。CNN 中卷积层后通常接全连接层输出结果。","全连接层,Dense,神经元,加权求和,分类"
"100","神经网络","优化器Adam","Adam 是一种自适应学习率的优化器，结合了动量法（利用历史梯度平滑更新方向）和 RMSprop（根据梯度大小自适应调整各参数学习率）的优点。它收敛快、对超参数不敏感、适用于大多数深度学习任务，是目前最常用的默认优化器。","Adam,优化器,自适应学习率,动量,RMSprop"
"101","模型评估","宏平均与微平均","在多分类评估中，宏平均（macro）先分别计算各类别的指标再取算术平均，平等对待每个类别，适合关注小类别；微平均（micro）把所有类别的 TP、FP、FN 汇总后整体计算，受样本量大的类别主导。加权平均（weighted）按各类样本数加权。类别不平衡时三者差异明显。","宏平均,微平均,macro,micro,多分类"
"102","模型评估","学习曲线","学习曲线展示模型性能随训练样本数量或训练轮次的变化趋势，常画训练集和验证集两条曲线。若两条曲线都低且接近，说明欠拟合；若训练高、验证低且差距大，说明过拟合。学习曲线帮助诊断模型问题并判断增加数据是否有用。","学习曲线,欠拟合,过拟合,诊断,训练样本"
"103","特征工程","数据清洗","数据清洗是数据预处理的关键步骤，目的是提高数据质量。主要工作包括：处理缺失值、识别和处理异常值、删除重复值、纠正格式错误和不一致、统一单位与编码。脏数据会严重影响模型效果，所谓垃圾进垃圾出，因此数据清洗往往占据项目大量时间。","数据清洗,缺失值,异常值,重复值,数据质量"
"104","特征工程","特征缩放的必要性","特征缩放（标准化/归一化）使不同量纲、不同范围的特征处于可比尺度。对基于距离的算法（KNN、K-means、SVM）和基于梯度的算法（逻辑回归、神经网络），若不缩放，数值范围大的特征会主导结果或导致收敛缓慢。而决策树、随机森林等树模型对特征缩放不敏感。","特征缩放,量纲,距离算法,梯度,树模型"
"105","特征工程","特征重要性","特征重要性衡量各特征对模型预测的贡献程度。树模型（随机森林、GBDT）可直接输出基于分裂增益的特征重要性；线性模型可看权重系数绝对值；通用方法有排列重要性（打乱某特征看性能下降程度）和 SHAP 值。特征重要性有助于特征选择和模型解释。","特征重要性,随机森林,SHAP,排列重要性,模型解释"
"106","监督学习","多元线性回归","多元线性回归将单变量线性回归推广到多个特征，模型形式为 y=w1x1+w2x2+...+wnxn+b。通过最小化全部样本的均方误差（MSE）同时对多个权重求解，常用矩阵形式 w=(X^T X)^-1 X^T y 一步求得。特征间若存在高度相关（多重共线性），会导致系数估计不稳定。","多元线性回归,多重共线性,MSE,特征权重,最小二乘法"
"107","监督学习","多项式回归","多项式回归通过对原始特征构造高次项（如 x^2、x^3、x1*x2）扩展线性回归的表达能力，使其能拟合非线性数据。本质仍是线性模型——对扩展后的特征做线性回归。次数越高拟合训练集越好，但过拟合风险也越大，需配合正则化使用。","多项式回归,高次项,非线性,特征扩展,过拟合"
"108","监督学习","岭回归（Ridge回归）","岭回归在普通线性回归损失函数中加入 L2 正则项（λΣwi^2），惩罚过大的权重，缓解多重共线性并降低过拟合。当样本数少于特征数时岭回归可保证矩阵可逆。正则化强度 λ 越大，系数越收缩向 0 但不会恰好等于 0。","岭回归,L2正则化,多重共线性,系数收缩,λ超参数"
"109","监督学习","Lasso回归","Lasso（最小绝对收缩和选择算子）在损失函数中加入 L1 正则项（λΣ|wi|）。与岭回归关键区别是：L1 惩罚能把部分权重精确压缩到 0，从而自动完成特征选择，输出稀疏模型。适合特征维度远大于样本数的高维数据场景。","Lasso,L1正则化,特征选择,稀疏模型,零权重"
"110","监督学习","弹性网络ElasticNet","弹性网络（ElasticNet）同时加入 L1 和 L2 正则项：损失 = MSE + α·L1 + β·L2。它结合 Lasso 的稀疏性与岭回归的稳定性，在特征间存在组群相关性时比 Lasso 更鲁棒，可同时选择一组相关特征而非随机选其一。","弹性网络,ElasticNet,L1,L2,稀疏性"
"111","监督学习","回归中的多重共线性","多重共线性是指多元回归中两个或多个自变量之间存在高度线性相关，导致回归系数估计不稳定、方差膨胀（VIF 值大）。检测方法：皮尔逊相关矩阵、方差膨胀因子（VIF）。处理方法：删除冗余特征、使用岭回归/Lasso 正则化、PCA 降维。","多重共线性,方差膨胀因子VIF,岭回归,特征相关,系数不稳定"
"112","监督学习","决策树预剪枝与后剪枝","剪枝是防止决策树过拟合的核心手段。预剪枝：在树生长阶段提前停止，通过限制最大深度、最少样本数、最小信息增益实现；优点是训练快，缺点可能欠拟合。后剪枝：先生成完整树再从底部向上合并节点，通常效果更好但计算成本更高。","决策树,预剪枝,后剪枝,最大深度,最少样本数"
"113","监督学习","XGBoost算法","XGBoost（极度梯度提升）是 GBDT 的高效实现，在目标函数中加入正则项（叶节点数与权重 L2 范数）防止过拟合，并利用二阶泰勒展开近似损失，提升收敛速度。支持并行特征分裂搜索、稀疏数据自动处理、缺失值自动分配，是竞赛中最常用的集成模型之一。","XGBoost,梯度提升,二阶泰勒,正则化,并行计算"
"114","监督学习","LightGBM算法","LightGBM 是微软开发的高效梯度提升框架，相比 XGBoost 的核心改进：采用直方图算法减少特征遍历成本；按叶子生长（Leaf-wise）而非按层生长（Level-wise），收敛更快；使用互斥特征捆绑（EFB）和梯度单边采样（GOSS）进一步降低复杂度。","LightGBM,直方图算法,叶子生长,EFB,GOSS"
"115","监督学习","CatBoost算法","CatBoost 是 Yandex 开发的梯度提升框架，核心创新：无需手动处理类别特征（自动目标统计编码）；采用对称树结构确保每层特征一致，减少过拟合；使用有序提升（Ordered Boosting）防止目标泄露。在含大量类别特征的数据上表现出色。","CatBoost,类别特征,目标统计编码,对称树,有序提升"
"116","监督学习","软间隔SVM","标准硬间隔 SVM 要求所有样本严格位于间隔边界外侧，对噪声和线性不可分数据失效。软间隔 SVM 引入松弛变量 xi>=0 允许少量误分类，目标变为最大化间隔同时惩罚违规点（代价参数 C 控制权衡：C 越大越接近硬间隔，越易过拟合）。","软间隔SVM,松弛变量,C参数,误分类,线性不可分"
"117","监督学习","支持向量回归SVR","SVR（支持向量回归）将 SVM 的大间隔思想应用于回归任务，引入 epsilon-不敏感损失函数：预测误差在 epsilon 以内不计入损失，只惩罚超过 epsilon 的残差。SVR 对异常值不敏感，泛化性好，结合核函数可处理非线性回归问题。","SVR,支持向量回归,epsilon不敏感损失,核函数,回归"
"118","监督学习","判别模型与生成模型","判别模型直接学习输入 X 到标签 Y 的条件概率 P(Y|X)，如逻辑回归、SVM、决策树；生成模型学习联合分布 P(X,Y) 或类条件 P(X|Y)，再通过贝叶斯推断获得 P(Y|X)，如朴素贝叶斯、LDA、GAN。判别模型通常分类精度更高；生成模型能生成新样本。","判别模型,生成模型,条件概率,联合分布,贝叶斯"
"119","监督学习","参数模型与非参数模型","参数模型假设数据服从特定分布，模型复杂度固定（参数数量不随数据量增大），如线性回归、逻辑回归、朴素贝叶斯，训练快、可解释性强但表达能力受限。非参数模型不做固定假设，复杂度随数据增长，如 KNN、核密度估计、高斯过程，适应性强但计算成本高。","参数模型,非参数模型,模型复杂度,线性回归,KNN"
"120","监督学习","在线学习与批量学习","批量学习（离线学习）一次性用全部数据训练，模型固定后部署，更新时需重新训练；适合数据量固定的场景。在线学习每次接收一个（或小批量）新样本后立即更新模型，能适应数据分布变化（概念漂移），适用于实时推荐、流式数据等场景。","批量学习,在线学习,概念漂移,实时更新,流式数据"
"121","监督学习","多标签分类","多标签分类中每个样本可同时属于多个类别，与多类分类（每个样本只属于一个类）不同。典型应用：文章标签（体育、科技同时选中）、图片多对象识别。常见方法：二元关联（每个标签独立训练一个二分类器）、标签功率集、链式分类器（标签之间有依赖）。","多标签分类,二元关联,链式分类器,标签依赖,多类分类"
"122","监督学习","代价敏感学习","代价敏感学习针对不同类型的错误代价不等的场景（如漏检癌症的代价远高于误报），在损失函数中为不同误分类赋予不同权重。实现方式：加权损失函数、调整决策阈值、对样本重采样。与类别不平衡处理相关但更通用，强调的是业务代价而非样本数量。","代价敏感学习,错误代价,加权损失,阈值调整,类别不平衡"
"123","监督学习","回归树与分类树","CART 算法同时支持分类树和回归树。分类树用基尼系数或信息增益作分裂准则，叶节点输出多数类别。回归树用均方误差（MSE）作分裂准则，叶节点输出区域内样本的均值。两者的树生长和剪枝逻辑相同，区别在于分裂指标和叶节点预测方式。","CART,分类树,回归树,基尼系数,MSE"
"124","监督学习","集成学习Stacking","Stacking（堆叠集成）分两层：第一层多个不同基模型（如决策树、SVM、KNN）在交叉验证折上训练并输出预测作为新特征；第二层元模型（通常是逻辑回归）学习如何融合这些预测。Stacking 能充分利用不同模型的互补性，效果优于简单投票，但实现复杂。","Stacking,堆叠集成,基模型,元模型,交叉验证"
"125","监督学习","半监督学习概述","半监督学习使用大量无标签数据和少量有标签数据共同训练，介于监督学习和无监督学习之间。常见方法：自训练（模型对无标签数据打伪标签再训练）、标签传播（在图上传播标签）、生成模型方法。在标注成本高昂的场景（医疗、语音）具有重要意义。","半监督学习,自训练,伪标签,标签传播,无标签数据"
"126","无监督学习","主成分分析PCA数学原理","PCA 通过对数据协方差矩阵进行特征分解，找出方差最大的正交方向（主成分）。步骤：数据中心化 → 计算协方差矩阵 → 特征值分解 → 取前 k 个最大特征值对应的特征向量。投影到这 k 维新空间既保留了最多方差，又消除了特征间的线性相关性。","PCA,协方差矩阵,特征分解,主成分,降维"
"127","无监督学习","奇异值分解SVD","SVD 将任意 m×n 矩阵 A 分解为 A=U·Sigma·V^T，其中 U、V 是正交矩阵，Sigma 是对角奇异值矩阵。截断 SVD 保留前 k 个最大奇异值可实现低秩近似，是推荐系统矩阵分解、文本潜在语义分析（LSA）和图像压缩的核心工具。PCA 本质上也是协方差矩阵的 SVD。","SVD,奇异值,低秩近似,矩阵分解,推荐系统"
"128","无监督学习","非负矩阵分解NMF","NMF 将非负矩阵 V 分解为两个非负矩阵之积 V≈W·H，其中 W 是基矩阵、H 是系数矩阵。由于约束非负，分解结果具有部分加和的可解释性（如图像是部件叠加、文章是主题组合）。常用于人脸识别、文档主题提取和音频源分离。","NMF,非负矩阵,部分加和,主题提取,可解释性"
"129","无监督学习","谱聚类","谱聚类将数据构建为图（节点=样本，边权=相似度），计算图的拉普拉斯矩阵并取其前 k 个特征向量形成低维嵌入，再在此嵌入上运行 K-means 聚类。能识别任意形状的聚类（如环形、月牙形），不依赖欧氏距离假设，但计算图拉普拉斯的代价较高。","谱聚类,图拉普拉斯,特征向量,K-means,任意形状聚类"
"130","无监督学习","孤立森林IsolationForest","孤立森林利用随机分裂树检测异常点：异常点在特征空间中孤立稀少，随机分裂时需要的切割次数（路径长度）更短。多棵随机树的平均路径长度构成异常评分，路径越短越异常。算法复杂度低、对高维数据有效，是工业界常用异常检测方法。","孤立森林,异常检测,路径长度,随机切割,异常评分"
"131","无监督学习","局部异常因子LOF","LOF（局部异常因子）基于密度比较检测异常：计算每个样本与其 k 个近邻的可达距离定义局部密度，再将样本密度与邻居密度之比作为异常分。若比值远大于 1 说明该点密度远小于周围，为异常点。LOF 能检测局部异常，对全局密度不均匀的数据比孤立森林更敏感。","LOF,局部密度,可达距离,异常检测,k近邻"
"132","无监督学习","自编码器AutoEncoder","自编码器是一种无监督神经网络，由编码器将输入压缩为低维隐向量（瓶颈层），再由解码器重建原始输入，以最小化重建误差训练。隐向量迫使网络提取数据的核心特征，可用于特征学习、数据压缩和异常检测（重建误差大则为异常）。","自编码器,编码器,解码器,隐向量,重建误差"
"133","无监督学习","独立成分分析ICA","ICA（独立成分分析）将观测到的混合信号分解为统计独立的源信号，即求一个分离矩阵使各成分尽可能独立（非高斯性最大）。经典应用是鸡尾酒会问题：从多个麦克风录音中分离出各说话人声音。与 PCA 的区别：PCA 去相关，ICA 追求统计独立性。","ICA,独立成分,盲源分离,鸡尾酒会问题,非高斯性"
"134","无监督学习","流形学习概述","流形学习假设高维数据实际分布在低维非线性流形上，目标是找出流形的低维参数化表示。代表算法：Isomap（测地距离保持）、LLE（局部线性嵌入）、UMAP（保持局部与全局结构）。相比 PCA 只能处理线性结构，流形学习可揭示 S 形曲面、瑞士卷等复杂数据形状。","流形学习,非线性降维,Isomap,LLE,UMAP"
"135","无监督学习","模糊C均值FCM","模糊 C 均值（FCM）是 K-means 的软聚类扩展：每个样本同时以不同隶属度属于多个簇，隶属度和为 1，通过交替更新隶属度矩阵和聚类中心迭代收敛。适合边界模糊的数据。关键参数 m（模糊度）：m=1 退化为硬聚类，m 趋向无穷时所有样本等权属于所有簇。","模糊C均值,FCM,隶属度,软聚类,模糊度"
"136","无监督学习","协同过滤推荐系统","协同过滤基于用户行为相似性推荐，不依赖物品属性。分为两类：用户协同过滤（找相似用户，推荐他们喜欢的物品）和物品协同过滤（找相似物品，推荐用户喜欢物品的相似物品）。冷启动问题是其主要挑战，常用矩阵分解缓解数据稀疏。","协同过滤,用户相似度,物品相似度,冷启动,矩阵分解"
"137","无监督学习","FP-Growth算法","FP-Growth 是比 Apriori 更高效的关联规则挖掘算法。核心思想：将事务数据库压缩为 FP-树（频繁模式树），无需多次扫描数据库即可挖掘频繁项集。通过条件模式基和条件 FP-树递归挖掘，时间复杂度远低于 Apriori 的候选生成方式。","FP-Growth,FP树,频繁项集,条件模式基,关联规则"
"138","无监督学习","自组织映射SOM","SOM（自组织映射）是一种竞争学习神经网络，将高维数据映射到低维（通常 2D）网格上，保留拓扑结构。训练时对每个输入样本找最近的获胜节点（BMU）并更新其及邻域权重，逐步缩小邻域范围实现局部特化。常用于高维数据可视化和无监督聚类。","SOM,自组织映射,竞争学习,拓扑结构,BMU"
"139","无监督学习","关联规则支持度与置信度","关联规则 X→Y 的核心度量：支持度=P(X∩Y)，表示 X 与 Y 同时出现的频率（衡量规则普遍性）；置信度=P(Y|X)，表示买了 X 也买 Y 的概率（衡量规则可靠性）；提升度=置信度/P(Y)，大于 1 说明 X 对 Y 有正向促进（衡量规则非随机性）。","关联规则,支持度,置信度,提升度,Apriori"
"140","无监督学习","矩阵分解推荐","矩阵分解推荐将用户-物品评分矩阵（m×n）分解为用户隐向量矩阵（m×k）和物品隐向量矩阵（n×k）之积，用已知评分训练隐向量，再用矩阵乘积预测未评分项。常用算法：ALS（交替最小二乘）、SGD 随机梯度下降。隐语义维度 k 是关键超参数。","矩阵分解,推荐系统,隐向量,ALS,协同过滤"
"141","模型评估","留出法Hold-out","留出法是最简单的模型评估方法：将数据集随机划分为训练集和测试集（常见比例 7:3 或 8:2），在训练集上拟合模型，在测试集上评估性能。优点是简单快速；缺点是结果对划分方式敏感（方差较大），适合数据量充足的场景。","留出法,训练集,测试集,划分比例,模型评估"
"142","模型评估","自助法Bootstrap","Bootstrap 通过有放回地从原始数据集采样得到同等大小的训练集（平均约 63.2% 的原样本被选中），未被选中的约 36.8% 样本作为测试集（外包估计）。常用于评估模型不确定性和构建集成学习，在数据量较小时比交叉验证更稳定。","Bootstrap,有放回采样,外包估计,不确定性,集成学习"
"143","模型评估","PR曲线","PR（精确率-召回率）曲线以召回率为横轴、精确率为纵轴，通过调整分类阈值绘制。PR 曲线下面积（AUPRC/AP）衡量模型在不平衡数据集上的综合能力。当正负样本严重不平衡时，PR 曲线比 ROC 曲线更能反映模型在正例上的真实表现，不会被大量负例稀释。","PR曲线,精确率,召回率,AUPRC,类别不平衡"
"144","模型评估","对数损失LogLoss","对数损失（Log Loss）评估概率预测质量：LogLoss=-1/N·Σ[yi·log(pi)+(1-yi)·log(1-pi)]。预测概率越接近真实标签，损失越低。LogLoss 对极端错误惩罚极重，因此鼓励模型输出校准良好的概率而非盲目自信。","对数损失,LogLoss,概率校准,交叉熵,概率预测"
"145","模型评估","科恩Kappa系数","Kappa 系数衡量分类器与随机猜测之间的一致性：κ=(po-pe)/(1-pe)，其中 po 是观测一致率，pe 是随机一致率。κ=1 表示完全一致，κ=0 表示与随机无异。在类别不平衡时比准确率更可靠，常用于多分类和医学诊断一致性评估。","Kappa系数,一致性评估,随机猜测,类别不平衡,多分类"
"146","模型评估","信息准则AIC与BIC","AIC（赤池信息准则）和 BIC（贝叶斯信息准则）用于在模型复杂度和拟合度之间权衡。AIC=-2lnL+2k，BIC=-2lnL+k·ln(n)，其中 L 是最大似然值，k 是参数数量，n 是样本数。BIC 对参数数量的惩罚更重，更倾向选简单模型。越小越好。","AIC,BIC,模型选择,最大似然,复杂度惩罚"
"147","模型评估","贝叶斯优化超参数","贝叶斯优化用概率代理模型（如高斯过程）对超参数-目标函数关系建模，通过平衡探索和利用高效搜索超参数空间。比网格搜索和随机搜索使用更少的评估次数找到更好的超参数，特别适合每次训练代价昂贵的深度学习场景。","贝叶斯优化,高斯过程,超参数搜索,探索利用,代理模型"
"148","模型评估","随机搜索调参","随机搜索（RandomizedSearchCV）在超参数空间中随机采样一定数量的组合进行评估，而非穷举网格所有组合。研究表明，当多数超参数对模型影响较小时，随机搜索用相同计算量能探索到比网格搜索更好的区域。适合高维超参数空间和计算资源有限的场景。","随机搜索,超参数,RandomizedSearchCV,网格搜索对比,计算效率"
"149","模型评估","时间序列交叉验证","普通 k 折交叉验证随机打乱数据，不适用于时间序列（未来信息泄露给过去）。时间序列交叉验证采用前向验证（Walk-forward Validation）：训练集只用历史数据，验证集始终在训练集之后，逐步扩展训练窗口，保证验证集与实际预测场景一致，防止数据泄露。","时间序列,前向验证,数据泄露,交叉验证,序列数据"
"150","模型评估","模型可解释性SHAP","SHAP（SHapley Additive exPlanations）基于博弈论 Shapley 值，计算每个特征对单个预测的贡献量。SHAP 值满足效率性、对称性、虚特征性等公理，是模型无关的解释方法，可应用于任何模型。SHAP 摘要图可同时展示特征重要性和特征值方向对预测的影响。","SHAP,可解释性,Shapley值,特征贡献,模型无关"
"151","模型评估","数据泄露与测试集污染","数据泄露是指训练阶段不应有的测试集或未来信息渗入，导致模型评估虚假高分但部署后性能下降。常见形式：用全量数据做标准化再划分（应先划分再标准化）、测试集参与特征选择、时序数据随机划分。防范关键：预处理管道（Pipeline）必须只在训练集上 fit。","数据泄露,测试集污染,Pipeline,标准化,时序划分"
"152","模型评估","校准曲线","校准曲线（Reliability Diagram）检验分类模型概率输出的可靠性：将预测概率分桶，计算每桶内实际正例比例并与预测平均概率对比，理想模型贴近对角线。常用校准方法：Platt Scaling（Sigmoid 变换）和等渗回归。校准对医疗风险评分等场景至关重要。","校准曲线,概率校准,Platt Scaling,等渗回归,可靠性"
"153","模型评估","平均精度AP与mAP","AP（平均精度）是 PR 曲线的面积，对不同召回率下的精确率求平均，是目标检测和信息检索的标准指标。mAP（mean AP）是对所有类别的 AP 求平均，用于多类检测任务评估（如 COCO 数据集）。mAP@0.5 表示 IoU 阈值为 0.5 时的平均精度。","AP,mAP,PR曲线面积,目标检测,IoU"
"154","模型评估","假设检验在ML中的应用","对比两个模型性能时，单次评估结果可能受随机性影响，需要假设检验判断差异是否显著。常用方法：McNemar 检验（比较两个分类器的错误率差异）、t 检验（比较多次交叉验证分数均值）。p 值小于 0.05 通常认为差异有统计显著性，但应结合效应量和实际意义判断。","假设检验,McNemar检验,t检验,显著性,p值"
"155","模型评估","累积增益曲线","累积增益曲线（Gains Curve）和提升曲线（Lift Curve）常用于营销建模评估：按模型预测概率从高到低对客户排序，计算按比例取前 x% 人群中能覆盖多少目标用户。提升度 = 模型覆盖率 / 随机覆盖率。帮助决策者在资源有限时制定精准触达策略。","累积增益曲线,提升曲线,Lift,营销建模,排序模型"
"156","特征工程","目标编码Target Encoding","目标编码用类别特征的目标变量均值替换该类别的取值（如将城市编码为该城市用户的平均消费额）。比独热编码更紧凑，能捕捉类别与目标的关联，对高基数类别特征非常有效。风险是目标泄露，需通过交叉验证或加入贝叶斯平滑防止过拟合。","目标编码,Target Encoding,高基数类别,贝叶斯平滑,目标泄露"
"157","特征工程","特征交叉","特征交叉将两个或多个特征组合为新特征（如城市×职业、年龄段×性别），以捕捉特征之间的交互效应。线性模型通过特征交叉可模拟非线性关系。Wide & Deep 模型中 Wide 部分专门学习交叉特征，DeepFM 用因子分解机自动建模二阶特征交叉。","特征交叉,交互效应,Wide&Deep,因子分解机,非线性"
"158","特征工程","特征哈希","特征哈希（Hashing Trick）将高维类别特征通过哈希函数映射到固定维度的向量，无需事先建立类别词典，内存占用可控。主要缺点是哈希碰撞（两个不同类别映射到同一维度），可通过增大哈希维度或多个哈希函数缓解。广泛用于在线学习和文本分类。","特征哈希,哈希技巧,哈希碰撞,高维类别,在线学习"
"159","特征工程","分桶离散化","分桶（Binning）将连续特征划分为若干区间（桶）转为离散特征，降低噪声敏感性，赋予线性模型一定非线性能力。等宽分桶：桶的宽度相等；等频分桶：每桶样本数相等，对偏态分布更鲁棒；基于决策树分裂点的分桶依据与目标的关系划分。","分桶离散化,等宽分桶,等频分桶,连续特征,离散化"
"160","特征工程","SMOTE过采样","SMOTE（合成少数类过采样技术）针对类别不平衡，通过在少数类样本及其 K 近邻之间的连线上随机插值生成新的合成样本。优于简单随机复制（不引入新信息）。变体：Borderline-SMOTE 只在决策边界附近过采样；ADASYN 根据学习难度动态调整过采样数量。","SMOTE,过采样,合成样本,少数类,类别不平衡"
"161","特征工程","随机欠采样","欠采样通过减少多数类样本数量来平衡类别分布。随机欠采样简单粗暴，可能丢失有用信息。改进方法：Tomek Links 删除多数类中与少数类最接近（边界混淆）的样本；ENN（编辑最近邻）删除被邻居错分的多数类样本；NearMiss 选择距少数类最近的多数类样本保留。","欠采样,Tomek Links,ENN,NearMiss,类别不平衡"
"162","特征工程","时序特征工程","时序特征工程从时间戳中提取信息：时间分量（年/月/日/时/星期）、是否节假日；滞后特征（t-1、t-2 的历史值）；滚动统计（过去 n 天的均值、方差、最大值）；差分特征（去除趋势）。周期性特征常用 sin/cos 编码使头尾连续。是时间序列预测的核心。","时序特征,滞后特征,滚动统计,差分,周期编码"
"163","特征工程","主题模型LDA","LDA（隐狄利克雷分布）是无监督的文档主题模型：假设每篇文档是多个主题的混合，每个主题是词语的概率分布，用 EM 或变分推断学习文档-主题分布和主题-词分布。输出是每个文档的主题分布向量，可作为文本特征，常用于文档分类、信息检索和内容推荐。","LDA,主题模型,文档主题分布,狄利克雷,文本特征"
"164","特征工程","Word2Vec原理","Word2Vec 通过神经网络将词映射为稠密向量（词嵌入），使语义相近的词向量距离相近。两种架构：CBOW（用上下文词预测中心词）和 Skip-gram（用中心词预测上下文词，对低频词更好）。训练技巧：负采样（Negative Sampling）和层次 Softmax 降低计算复杂度。","Word2Vec,词嵌入,CBOW,Skip-gram,负采样"
"165","特征工程","互信息特征选择","互信息（Mutual Information）衡量特征 X 与目标 Y 之间共享的信息量，值越大特征对目标的预测价值越高。比皮尔逊相关系数更强大：能检测非线性依赖关系，适用于离散和连续变量。scikit-learn 的 mutual_info_classif 可直接调用于分类任务。","互信息,特征选择,信息论,非线性依赖,特征价值"
"166","特征工程","方差过滤法","方差过滤是最简单的特征选择方法：删除方差低于阈值的特征（如所有样本值几乎相同的常量特征）。思路是方差太低的特征对模型几乎不提供信息。适合作为特征工程第一步快速去除冗余特征，在此基础上再做更复杂的筛选。","方差过滤,低方差特征,特征选择,常量特征,预处理"
"167","特征工程","皮尔逊相关系数","皮尔逊相关系数 r 衡量两个连续变量之间的线性相关程度，范围 [-1,1]：r=1 完全正相关，r=-1 完全负相关，r=0 无线性相关。特征选择中可删除与目标相关性低的特征，或删除特征间高度相关（|r|>0.9）的冗余特征之一。注意：皮尔逊只检测线性关系，对非线性依赖无效。","皮尔逊相关系数,线性相关,特征筛选,相关矩阵,冗余特征"
"168","特征工程","递归特征消除RFE","RFE（递归特征消除）是包裹法特征选择：先训练模型获取特征重要性，删除最不重要的若干特征，重新训练，重复直到剩余特征数达到目标数量。常结合交叉验证（RFECV）自动确定最优特征数量。优点是基于模型性能选择特征，缺点是计算量大（需多次训练）。","RFE,递归特征消除,特征重要性,包裹法,RFECV"
"169","特征工程","特征归约综述","特征归约分为特征选择（选出原始特征子集，保持可解释性）和特征提取（将原始特征变换为新的低维特征，如 PCA、自编码器）。选择保留原始语义，适合需要解释的场景；提取能构造更强表示但损失可解释性。实际工程中两者常结合使用，先过滤再提取。","特征归约,特征选择,特征提取,PCA,可解释性"
"170","特征工程","特征重要性评估方法","特征重要性有多种衡量方式：树模型内置重要性（基于分裂增益或节点杂质减少）；排列重要性（Permutation Importance，随机打乱某特征后性能下降量）；SHAP 值（基于博弈论的精确分配）；系数绝对值（线性模型特征标准化后）。不同方法可能给出不同排名，需综合判断。","特征重要性,排列重要性,SHAP,树模型,线性模型"
"171","神经网络","Transformer基本架构","Transformer 完全基于注意力机制，由编码器和解码器堆叠而成（各 N 层）。每层含多头自注意力（Multi-Head Self-Attention）、前馈网络（FFN）、残差连接和层归一化（LayerNorm）。编码器处理输入序列，解码器生成输出序列，通过交叉注意力连接两者。已取代 RNN/LSTM 成为 NLP 主流架构。","Transformer,自注意力,多头注意力,编码器,解码器"
"172","神经网络","自注意力机制","自注意力通过 Q（查询）、K（键）、V（值）三组向量计算序列中每个位置对其他位置的注意力权重：Attention(Q,K,V)=softmax(Q·K^T/sqrt(dk))·V，除以 sqrt(dk) 防止点积过大导致梯度消失。每个位置的输出是所有位置 V 的加权和，允许直接捕捉任意距离的长程依赖。","自注意力,Query-Key-Value,注意力权重,长程依赖,Transformer"
"173","神经网络","多头注意力","多头注意力将 Q、K、V 线性投影到 h 个不同子空间，并行计算 h 组注意力，将结果拼接后再线性变换输出。不同的头可以从不同角度（位置、语义、语法）捕捉特征，增强模型表达能力。多头注意力是 Transformer 编码器和解码器每层的核心组件。","多头注意力,注意力头,子空间,并行注意力,Transformer"
"174","神经网络","位置编码","Transformer 的自注意力本身无法区分序列中元素的位置（置换等变），因此需要位置编码注入位置信息。原始 Transformer 用正弦/余弦函数的不同频率编码。现代模型常用可学习的位置嵌入（BERT）或旋转位置编码（RoPE，LLaMA）。","位置编码,正弦余弦,可学习嵌入,RoPE,序列位置"
"175","神经网络","BERT预训练模型","BERT（双向编码器表示来自Transformer）通过两个预训练任务学习深层双向上下文表示：遮蔽语言模型（MLM，随机掩盖 15% 词并预测）和下一句预测（NSP，判断两句是否连续）。微调时在预训练权重基础上加任务头，少量标注数据即可达到 SOTA。开创了预训练+微调范式。","BERT,双向Transformer,MLM,NSP,预训练微调"
"176","神经网络","迁移学习原理","迁移学习将在大规模数据（源域）上学到的知识迁移到数据稀缺的目标任务。常见策略：特征提取（冻结预训练层，只训练新加的分类头）；全量微调（在预训练权重基础上用小学习率端到端更新所有层）；部分微调（只解冻最后几层）。ImageNet 预训练+微调是计算机视觉标配方法。","迁移学习,预训练,微调,特征提取,源域目标域"
"177","神经网络","残差连接ResNet","ResNet（残差网络）引入跳跃连接：将层的输入直接加到输出 F(x)+x，学习残差 F(x)=H(x)-x 而非直接学映射 H(x)。优点：梯度可以直接通过跳跃连接反传，大幅缓解深网络的梯度消失问题，使 100+ 层网络训练成为可能。残差连接已成为深度网络的标准组件。","残差连接,ResNet,跳跃连接,梯度消失,残差学习"
"178","神经网络","生成对抗网络GAN","GAN 由生成器（G）和判别器（D）相互博弈训练：G 从随机噪声生成假数据企图欺骗 D，D 区分真实数据与 G 的输出，两者交替训练达到纳什均衡，G 能生成以假乱真的数据。应用：图像生成（StyleGAN）、图像转换（CycleGAN）、数据增强。训练稳定性是主要挑战。","GAN,生成器,判别器,纳什均衡,模式崩溃"
"179","神经网络","变分自编码器VAE","VAE 在普通自编码器基础上引入概率约束：编码器不输出确定向量而是输出隐变量的均值和方差，通过重参数技巧从该分布采样，解码器重建输入。损失=重建误差+KL 散度（约束隐空间接近标准正态分布）。VAE 的隐空间连续且结构化，支持插值和随机生成。","VAE,变分自编码器,重参数技巧,KL散度,隐空间"
"180","神经网络","权重初始化策略","权重初始化对训练稳定性影响极大：全零初始化导致对称性无法打破；随机正态分布初始化对深网络易造成梯度消失/爆炸。Xavier 初始化（适配 Sigmoid/Tanh）：方差=2/(fan_in+fan_out)；He 初始化（适配 ReLU）：方差=2/fan_in，使各层输出方差在前向/反向传播中保持稳定。","权重初始化,Xavier初始化,He初始化,对称性打破,梯度稳定"
"181","神经网络","学习率调度策略","学习率调度在训练过程中动态调整学习率。常见策略：阶梯衰减（每隔若干 epoch 乘以衰减因子）；余弦退火（学习率按余弦函数周期性变化，适合重新激活停滞模型）；One-Cycle Policy（先线性升后余弦降，快速收敛）；Warmup（初始阶段小学习率防止发散）。","学习率调度,余弦退火,阶梯衰减,Warmup,One-Cycle"
"182","神经网络","知识蒸馏","知识蒸馏用大型教师模型的软标签（输出概率分布）训练小型学生模型，使学生不仅学正确答案还学教师对各类别的置信度分布（携带类别间关系信息）。损失=硬标签损失+KL 散度（学生与教师软标签之差，用温度 T 控制软化程度）。广泛用于模型轻量化部署。","知识蒸馏,教师模型,学生模型,软标签,温度参数"
"183","神经网络","深度可分离卷积","深度可分离卷积将标准卷积分解为逐深度卷积（每个通道独立做空间卷积）和逐点卷积（1×1 卷积做通道融合）。计算量约为标准卷积的 1/k^2（k 为卷积核大小），大幅减少参数和 FLOPs，是 MobileNet 等轻量化网络的核心组件。","深度可分离卷积,逐深度卷积,逐点卷积,MobileNet,轻量化"
"184","神经网络","图神经网络GNN基础","GNN 将深度学习扩展到图结构数据，通过消息传递机制让节点聚合邻居信息更新自身表示。多层 GNN 捕捉多跳邻域信息。应用：社交网络分析、分子性质预测、推荐系统。代表模型：GCN（图卷积网络）、GAT（图注意力网络）、GraphSAGE（邻居采样聚合）。","GNN,图神经网络,消息传递,节点表示,GCN"
"185","神经网络","数据增强在深度学习中的应用","数据增强通过对训练样本做随机变换扩充数据集、防止过拟合。图像常用：随机翻转、旋转、裁剪、颜色抖动、Mixup（两图加权混合）、CutMix（区域替换）、AutoAugment（自动搜索最优增强策略）。文本常用：同义词替换、回译、随机插入删除。增强应只在训练时使用。","数据增强,随机翻转,Mixup,CutMix,AutoAugment"
"186","神经网络","批量归一化的推理过程","BatchNorm 训练时对每个 mini-batch 的各特征维度做零均值单位方差归一化，再用可学习参数 gamma、beta 缩放平移。推理时不能再依赖 batch 统计量，改用训练期间累积的滑动均值和方差作为固定统计量。模型 eval() 模式会切换到该行为，这是部署时的重要细节。","BatchNorm,训练模式,推理模式,滑动均值,eval模式"
"187","神经网络","Dropout的训练与推理区别","训练时 Dropout 以概率 p 随机将神经元输出置 0（并将剩余输出缩放 1/(1-p) 保持期望不变），强迫网络学习冗余表示，防止过拟合。推理时关闭 Dropout，使用所有神经元，相当于对大量子网络做了集成。推理时若忘记调用 model.eval()，预测结果会因随机性而不稳定。","Dropout,训练推理,随机失活,集成效果,eval模式"
"188","神经网络","神经架构搜索NAS","NAS（神经架构搜索）自动搜索最优网络结构，代替人工设计。搜索策略包括：强化学习（用 RNN 控制器生成网络描述）、进化算法、基于梯度的可微分搜索（DARTS，将离散架构选择松弛为连续权重）。NAS 发现的 EfficientNet 在准确率与效率上均超越手工设计网络。","NAS,神经架构搜索,DARTS,EfficientNet,自动机器学习"
"189","神经网络","词嵌入与预训练发展","词嵌入从静态进化到动态：Word2Vec/GloVe 为每个词分配固定向量，无法区分多义词；ELMo 用双向 LSTM 生成上下文相关嵌入；BERT 用 Transformer 编码器输出深层上下文表示；GPT 系列用自回归 Transformer 生成文本。这一演进推动了 NLP 的飞速发展。","词嵌入,Word2Vec,ELMo,BERT,GPT"
"190","神经网络","注意力池化","普通池化（均值池化/最大池化）对序列所有位置等权或只取最大值，忽略不同位置对任务的重要性差异。注意力池化用一个查询向量与序列各位置计算注意力分数，对各位置的隐状态加权求和，使模型聚焦于更相关的位置。广泛用于文本分类、文档摘要和多实例学习。","注意力池化,加权求和,序列编码,自适应池化,文本分类"
"191","数学基础","特征值与特征向量","对于方阵 A，若 A·x=λ·x（x 不为零向量），则 λ 是特征值，x 是对应的特征向量。特征值分解（EVD）将 A 分解为 Q·Λ·Q^-1，其中 Q 的列是特征向量，Λ 是特征值对角矩阵。协方差矩阵的特征分解是 PCA 的数学基础，最大特征值对应方差最大的方向。","特征值,特征向量,特征分解,PCA,协方差矩阵"
"192","数学基础","正定矩阵","对任意非零向量 x，若 x^T·A·x>0，则 A 为正定矩阵。正定矩阵的所有特征值均为正数，所有主子式行列式为正，可进行 Cholesky 分解。协方差矩阵是半正定的（特征值>=0）。Hessian 矩阵正定说明该点是严格局部最小值。","正定矩阵,特征值,Hessian矩阵,Cholesky分解,局部最小值"
"193","数学基础","矩阵的秩","矩阵的秩是其行空间（或列空间）的维度，等于线性无关的行数（列数）。满秩方阵（秩=行数=列数）可逆；秩亏矩阵不可逆，对应线性方程组无唯一解。SVD 中非零奇异值的个数等于矩阵的秩。低秩近似（截断 SVD）用于数据压缩和噪声去除。","矩阵的秩,行空间,列空间,满秩,低秩近似"
"194","数学基础","凸函数与凸优化","凸函数 f 满足 f(λx+(1-λ)y)≤λf(x)+(1-λ)f(y)，其局部最小值即全局最小值，适合梯度下降。常见凸函数：MSE、交叉熵（线性模型）、L1/L2 正则化项。机器学习中很多损失+正则化的组合是凸的；深度学习损失通常非凸，有多个局部最优。","凸函数,凸优化,全局最小值,梯度下降,非凸问题"
"195","数学基础","拉格朗日乘数法","拉格朗日乘数法将有约束优化问题转化为无约束问题：对于 min f(x) s.t. g(x)=0，构造拉格朗日函数 L(x,λ)=f(x)+λg(x)，对各变量求偏导令其为 0 联立求解。SVM 的间隔最大化通过拉格朗日乘数将原始问题转化为对偶问题求解，引入核技巧。","拉格朗日乘数,约束优化,对偶问题,SVM,KKT条件"
"196","数学基础","KL散度与交叉熵","KL 散度（相对熵）衡量概率分布 P 与 Q 的差异：DKL(P||Q)=Σ P(x)·log(P(x)/Q(x))≥0，不对称。交叉熵 H(P,Q)=H(P)+DKL(P||Q)，当 P 是真实分布（固定）时，最小化交叉熵等价于最小化 KL 散度。深度学习分类损失本质是交叉熵，VAE 中 KL 散度用于约束隐空间。","KL散度,交叉熵,相对熵,信息论,VAE"
"197","数学基础","互信息","互信息 I(X;Y)=H(X)-H(X|Y)=H(Y)-H(Y|X) 衡量知道 Y 后 X 的不确定性减少量。I(X;Y)≥0，当 X 与 Y 相互独立时为 0。互信息在特征选择中用于衡量特征对目标的贡献，可检测非线性依赖，比皮尔逊相关系数更通用。","互信息,信息熵,条件熵,特征选择,非线性依赖"
"198","数学基础","最大似然估计MLE","MLE（极大似然估计）选择使观测数据出现概率最大的参数：θ_MLE=argmax P(Data|θ)。通常对似然函数取对数（对数似然）简化乘积为求和再求极值。线性回归的 MSE 损失可由高斯噪声假设推导出 MLE，逻辑回归的交叉熵由伯努利分布的 MLE 推导。","最大似然估计,MLE,对数似然,参数估计,高斯噪声"
"199","数学基础","最大后验估计MAP","MAP（最大后验估计）结合先验分布和观测数据：θ_MAP=argmax P(Data|θ)·P(θ)。先验 P(θ) 可看作正则化：高斯先验对应 L2 正则化（岭回归），拉普拉斯先验对应 L1 正则化（Lasso）。当先验均匀分布时 MAP=MLE。MAP 在样本量少时比 MLE 更稳定。","MAP,最大后验估计,先验分布,正则化,贝叶斯"
"200","数学基础","EM算法数学原理","EM（期望最大化）算法通过迭代求解含隐变量模型的 MLE：E步固定参数计算隐变量的后验期望（即对数似然的期望 Q 函数）；M步最大化 Q 函数更新参数。两步交替保证对数似然单调不减，直至收敛。高斯混合模型（GMM）的参数估计是 EM 的经典应用。","EM算法,期望最大化,隐变量,GMM,对数似然"
"201","数学基础","泰勒展开在优化中的应用","泰勒展开将函数在某点附近展开为多项式近似：f(x+Δ)≈f(x)+f'(x)·Δ+0.5·f''(x)·Δ^2。梯度下降只用一阶近似（f'），牛顿法用二阶近似（Hessian 矩阵），一步能直接到极小值附近。XGBoost 的目标函数近似正是二阶泰勒展开。","泰勒展开,二阶近似,牛顿法,Hessian矩阵,XGBoost"
"202","数学基础","链式法则与反向传播","链式法则：复合函数 y=f(g(x)) 的导数 dy/dx=dy/dg·dg/dx，是多层神经网络梯度计算的数学基础。反向传播从输出层开始，逐层用链式法则计算各参数的梯度，时间复杂度与前向传播相同。计算图可自动完成反向传播（自动微分框架 PyTorch/TensorFlow 的核心）。","链式法则,反向传播,计算图,自动微分,梯度计算"
"203","数学基础","正态分布与高斯分布","正态分布（高斯分布）N(μ,σ^2) 是最重要的概率分布：概率密度由均值 μ 和标准差 σ 完全决定。68-95-99.7 规则：约 68%/95%/99.7% 的数据落在 μ±σ/μ±2σ/μ±3σ 内。线性回归假设残差服从正态分布，是 MLE 推导 MSE 的前提。","正态分布,高斯分布,均值,标准差,68-95规则"
"204","数学基础","中心极限定理","中心极限定理（CLT）：从任意分布（均值 μ，方差 σ^2）独立同分布抽取 n 个样本，当 n 足够大时，样本均值的分布近似正态分布 N(μ, σ^2/n)。CLT 是统计推断和假设检验的理论基础，解释了为何大量随机变量之和趋向正态分布。","中心极限定理,CLT,样本均值,正态近似,统计推断"
"205","数学基础","大数定律","大数定律（LLN）：当样本量 n 趋向无穷时，样本均值以概率收敛到总体期望 E(X)。弱大数定律保证依概率收敛，强大数定律保证几乎必然收敛。这是机器学习中用有限样本估计期望（经验风险逼近期望风险）的理论保证，也是 SGD 的正确性基础。","大数定律,LLN,样本均值,期望,经验风险"
"206","数学基础","伯努利分布与二项分布","伯努利分布 B(1,p)：单次试验两种结果（成功/失败），P(X=1)=p，是逻辑回归输出的概率模型。二项分布 B(n,p)：n 次独立伯努利试验中成功次数的分布，P(X=k)=C(n,k)·p^k·(1-p)^(n-k)，均值=np，方差=np(1-p)。分类损失交叉熵由伯努利分布的负对数似然推导。","伯努利分布,二项分布,逻辑回归,交叉熵,离散分布"
"207","数学基础","多元高斯分布","多元高斯分布 N(μ,Σ) 是正态分布在高维空间的推广：概率密度由均值向量 μ（d 维）和协方差矩阵 Σ（d×d）完全决定。等高线为椭圆，协方差矩阵描述各维度的方差和相关性。高斯混合模型（GMM）是多个多元高斯的加权和，是 EM 算法的典型应用场景。","多元高斯,协方差矩阵,GMM,高维概率,椭圆等高线"
"208","数学基础","蒙特卡洛方法","蒙特卡洛（MC）方法通过大量随机采样来估计数学期望或积分：E[f(X)]≈(1/n)Σf(xi)，其中 xi 从 X 的分布采样。样本越多估计越精确（误差~1/sqrt(n)）。在 ML 中用于：贝叶斯后验近似（MCMC）、强化学习的策略评估、VAE 训练中的积分估计。","蒙特卡洛,随机采样,期望估计,MCMC,贝叶斯"
"209","数学基础","动量法与Adam数学分析","动量法引入历史梯度的加权平均：v=β·v+(1-β)·g，参数更新 θ←θ-α·v，减小梯度震荡。Adam 同时维护一阶矩（梯度均值）和二阶矩（梯度方差），用方差归一化各参数学习率，并做偏差校正。Adam 综合了 Momentum 和 RMSprop 的优点。","动量法,Adam,一阶矩,二阶矩,自适应学习率"
"210","数学基础","L1正则化与稀疏性原理","L1 正则化产生稀疏解的几何原因：L1 正则项的约束域是菱形（顶点在坐标轴上），等高椭圆（损失函数）与菱形最先在顶点（某维度为 0）相切，使多数权重精确等于 0。L2 约束域是圆球，切点不在坐标轴，权重收缩但不为 0。稀疏性使模型可解释且计算高效。","L1正则化,稀疏性,几何解释,菱形约束,Lasso"
"211","数学基础","矩阵求导","矩阵求导是神经网络梯度推导的基础。标量对向量求导：∂(w^T·x)/∂w=x；∂(x^T·A·x)/∂x=(A+A^T)·x（A 对称时=2Ax）。损失对权重矩阵 W 的导数用链式法则逐层传递。分子布局与分母布局（梯度形状约定）需统一，混淆会导致形状错误。","矩阵求导,标量对向量,梯度,链式法则,神经网络"
"212","数学基础","概率图模型基础","概率图模型用图表示变量间的概率依赖关系。有向图（贝叶斯网络）：有向边表示条件依赖，联合概率=各节点在父节点条件下的概率之积，用于因果建模（朴素贝叶斯是特殊贝叶斯网络）。无向图（马尔可夫随机场）：边表示潜在相关，常用于图像标注。","概率图模型,贝叶斯网络,马尔可夫随机场,有向图,条件独立"
"213","数学基础","数值稳定性","数值稳定性是实现 ML 算法时必须考虑的工程问题。浮点数下溢：很小的概率连乘趋向 0，需用对数域计算（log 概率相加代替概率相乘）。数值上溢：exp(x) 当 x 很大时溢出，Softmax 实现时通常先减去最大值。梯度裁剪防止梯度爆炸时数值溢出。","数值稳定性,下溢上溢,对数域,Softmax稳定实现,梯度裁剪"
